feature,importance_total_tons,importance_bottleneck
unload_points,0.4536684629564292,0.4440985918184843
number_of_trucks,0.4385524511766132,0.07653597423280714
number_of_loaders,0.097332167212839,0.37372503306789834
external_scale_load,0.009651030545005627,0.09475553315993217
road_delay_percent,0.0007958881091131313,0.010884867720878079
