feature,importance_total_tons,importance_plan_completed,importance_bottleneck
unload_points,0.4811728569070361,0.5516977253872215,0.4552802482995552
number_of_trucks,0.42015862605859283,0.4439776709005632,0.16106796509066035
number_of_loaders,0.0935668530164897,0.0013266894756260412,0.28217307376356165
external_scale_load,0.0051016640178812665,0.0029979142365893306,0.1014787128462229
