number_of_trucks,number_of_loaders,total_trips,total_tons,target_completion,average_cycle_time,avg_wait_tare,avg_wait_loader,avg_wait_gross,max_wait_tare,max_wait_loader,max_wait_gross,max_wait_unload,loader_utilization,scale_utilization,unload_utilization,external_scale_load,unload_points,avg_wait_unload,total_avg_wait,ship_tons,contract_target_tons,selected_external_scale_load
7.0,1.0,124.0,3411.8,97.5,60.5,1.09,2.96,0.54,18.0,37.5,8.7,12.8,78.71,52.71,58.43,0.0,2.0,0.25,4.84,5000,3000,0
7.0,1.0,118.0,3242.2,92.6,64.2,2.22,4.19,1.25,18.0,39.2,11.7,7.2,77.44,50.62,55.65,30.0,2.0,0.26,7.92,5000,3000,30
7.0,1.0,119.0,3274.2,93.5,63.4,2.43,2.73,1.86,18.0,37.2,12.6,12.9,77.23,51.04,55.89,60.0,2.0,0.32,7.340000000000001,5000,3000,60
9.0,2.0,156.0,4293.8,122.7,62.4,2.38,0.39,1.52,24.0,13.0,15.7,31.1,50.24,66.46,73.41,0.0,2.0,2.31,6.6,10000,4000,0
9.0,2.0,151.0,4163.8,119.0,65.0,3.07,0.45,3.1,24.0,11.5,17.6,27.0,48.43,64.38,71.21,30.0,2.0,2.33,8.95,10000,4000,30
9.0,2.0,146.0,4015.2,114.7,67.4,4.19,0.38,4.97,24.0,12.6,64.9,28.9,46.96,62.5,68.44,60.0,2.0,2.17,11.709999999999999,10000,4000,60
